INSERT INTO Categories VALUES("croquette");
INSERT INTO Categories VALUES("arbre");
INSERT INTO Categories VALUES("jouet");

INSERT INTO Produits VALUES("arbre", "da1", "a1", "img/a1.jpg", "grandissement('da1',false,'img/a1.jpg')",
     "Arbre à 2 plateformes", "36.99", "a1Q", 5, "a1M", "qM(a1T,a1P,a1M,a1Q)", 
     "a1T", "test(a1T,a1P,a1M,a1Q)", "a1P", "qP(a1T,a1P,a1M,a1Q)", "a1E");
INSERT INTO Produits VALUES("arbre", "da2", "a2", "img/a2.jpg", "grandissement('da2',false,'img/a2.jpg')",
     "Arbre à 2 plateformes </br>Souris", "90.95", "a2Q", 5, "a2M", "qM(a2T,a2P,a2M,a2Q)", 
     "a2T", "test(a2T,a2P,a2M,a2Q)", "a2P", "qP(a2T,a2P,a2M,a2Q)", "a2E");
INSERT INTO Produits VALUES("arbre", "da3", "a3", "img/a3.jpg", "grandissement('da3',false,'img/a3.jpg')",
     "Arbre à 2 plateformes </br>Boules de jeu", "111.95", "a3Q", 5, "a3M", "qM(a3T,a3P,a3M,a3Q)", 
     "a3T", "test(a3T,a3P,a3M,a3Q)", "a3P", "qP(a3T,a3P,a3M,a3Q)", "a3E");
INSERT INTO Produits VALUES("arbre", "da4", "a4", "img/a4.jpg", "grandissement('da4',false,'img/a4.jpg')",
     "Parcours du combattant", "785.99", "a4Q", 5, "a4M", "qM(a4T,a4P,a4M,a4Q)", 
     "a4T", "test(a4T,a4P,a4M,a4Q)", "a4P", "qP(a4T,a4P,a4M,a4Q)", "a4E");
INSERT INTO Produits VALUES("arbre", "da5", "a5", "img/a5.jpg", "grandissement('da5',false,'img/a5.jpg')",
     "Aire de jeux", "1201.99", "a5Q", 5, "a5M", "qM(a5T,a5P,a5M,a5Q)", 
     "a5T", "test(a5T,a5P,a5M,a5Q)", "a5P", "qP(a5T,a5P,a5M,a5Q)", "a5E");
INSERT INTO Produits VALUES("croquette", "dc1", "c1", "img/c1.jpg", "grandissement('dc1',false,'img/c1.jpg')",
     "Croquettes pour chaton</br>(450g)", "3.70", "c1Q", 5, "c1M", "qM(c1T,c1P,c1M,c1Q)", 
     "c1T", "test(c1T,c1P,c1M,c1Q)", "c1P", "qP(c1T,c1P,c1M,c1Q)", "c1E");
INSERT INTO Produits VALUES("croquette", "dc2", "c2", "img/c2.jpg", "grandissement('dc2',false,'img/c2.jpg')",
     "Croquettes pour chaton au poulet</br>(2kg)", "9.45", "c2Q", 5, "c2M", "qM(c2T,c2P,c2M,c2Q)", 
     "c2T", "test(c2T,c2P,c2M,c2Q)", "c2P", "qP(c2T,c2P,c2M,c2Q)", "c2E");
INSERT INTO Produits VALUES("croquette", "dc3", "c3", "img/c3.jpg", "grandissement('dc3',false,'img/c3.jpg')",
     "Croquettes pour chat stérilisé</br>(3kg)", "27.90", "c3Q", 5, "c3M", "qM(c3T,c3P,c3M,c3Q)", 
     "c3T", "test(c3T,c3P,c3M,c3Q)", "c3P", "qP(c3T,c3P,c3M,c3Q)", "c3E");
INSERT INTO Produits VALUES("croquette", "dc4", "c4", "img/c4.jpg", "grandissement('dc4',false,'img/c4.jpg')",
     "Croquettes pour chat</br>stérilisé au poisson</br>(2kg)", "19.50", "c4Q", 5, "c4M", "qM(c4T,c4P,c4M,c4Q)", 
     "c4T", "test(c4T,c4P,c4M,c4Q)", "c4P", "qP(c4T,c4P,c4M,c4Q)", "c4E");
INSERT INTO Produits VALUES("croquette", "dc5", "c5", "img/c5.jpg", "grandissement('dc5',false,'img/c5.jpg')",
     "Croquettes pour chat</br>stérilisé au poisson</br>(10kg)", "63.99", "c5Q", 5, "c5M", "qM(c5T,c5P,c5M,c5Q)", 
     "c5T", "test(c5T,c5P,c5M,c5Q)", "c5P", "qP(c5T,c5P,c5M,c5Q)", "c5E");
INSERT INTO Produits VALUES("jouet", "dj1", "j1", "img/j1.jpg", "grandissement('dj1',false,'img/j1.jpg')",
     "Plumeau", "2", "j1Q", 5, "j1M", "qM(j1T,j1P,j1M,j1Q)", 
     "j1T", "test(j1T,j1P,j1M,j1Q)", "j1P", "qP(j1T,j1P,j1M,j1Q)", "j1E");
INSERT INTO Produits VALUES("jouet", "dj2", "j2", "img/j2.jpg", "grandissement('dj2',false,'img/j2.jpg')",
     "Lot de deux souris", "4.49", "j2Q", 5, "j2M", "qM(j2T,j2P,j2M,j2Q)", 
     "j2T", "test(j2T,j2P,j2M,j2Q)", "j2P", "qP(j2T,j2P,j2M,j2Q)", "j2E");
INSERT INTO Produits VALUES("jouet", "dj3", "j3", "img/j3.jpg", "grandissement('dj3',false,'img/j3.jpg')",
     "Souris télécommandée", "16.95", "j3Q", 5, "j3M", "qM(j3T,j3P,j3M,j3Q)", 
     "j3T", "test(j3T,j3P,j3M,j3Q)", "j3P", "qP(j3T,j3P,j3M,j3Q)", "j3E");
INSERT INTO Produits VALUES("jouet", "dj4", "j4", "img/j4.jpg", "grandissement('dj4',false,'img/j4.jpg')",
     "Jeu de pendule et balles", "22.99", "j4Q", 5, "j4M", "qM(j4T,j4P,j4M,j4Q)", 
     "j4T", "test(j4T,j4P,j4M,j4Q)", "j4P", "qP(j4T,j4P,j4M,j4Q)", "j4E");
INSERT INTO Produits VALUES("jouet", "dj5", "j5", "img/j5.jpg", "grandissement('dj5',false,'img/j5.jpg')",
     "Tapis de course", "22.99", "j5Q", 5, "j5M", "qM(j5T,j5P,j5M,j5Q)", 
     "j5T", "test(j5T,j5P,j5M,j5Q)", "j5P", "qP(j5T,j5P,j5M,j5Q)", "j5E");

INSERT INTO Clients VALUES("JeanJacques", "legros");
INSERT INTO Clients VALUES("Golfy", "lebeau");
